id,name,age,gender,study_hours,attendance,internal_marks,assignment_score,previous_semester_score,final_score,cgpa,aptitude_score,technical_score,communication_score,internship,projects,placed
1,Ananya Sharma,21,Female,3.3,78.8,69.2,82.1,57.9,62.9,6.06,51.1,22.2,79.3,0,1,0
2,Sneha Patel,23,Male,2.7,77.7,53.5,70.0,65.5,64.0,6.36,57.1,94.6,37.6,0,1,1
3,Ananya Menon,21,Male,5.5,62.3,77.3,50.9,68.9,56.5,5.12,68.0,75.8,68.4,0,1,0
4,Nikhil Gupta,19,Male,2.3,100.0,81.1,69.3,71.9,66.7,6.25,36.9,42.1,74.9,1,5,0
5,Aarav Iyer,18,Male,5.1,70.1,82.7,55.4,77.7,70.5,6.63,63.9,79.6,77.1,1,3,1
6,Sneha Das,21,Male,4.9,96.5,73.7,72.2,51.6,61.9,6.27,67.0,73.7,75.9,1,1,1
7,Lakshmi Patel,21,Female,4.4,81.2,66.5,81.6,56.2,64.5,6.29,43.0,68.7,69.7,0,2,0
8,Sneha Singh,20,Female,3.9,77.6,34.7,54.8,85.7,58.5,5.18,48.9,48.1,67.4,0,0,0
9,Aarav Verma,22,Male,8.0,57.9,70.1,95.6,93.5,72.9,6.98,67.5,42.8,56.6,1,4,1
10,Pooja Nair,22,Female,3.1,70.0,77.9,78.1,52.7,61.3,6.57,71.4,24.5,72.7,1,1,1
11,Vikram Patel,19,Female,7.1,60.2,68.4,86.3,43.5,65.7,6.67,76.7,44.2,47.5,1,4,1
12,Ananya Iyer,22,Female,4.1,63.2,48.6,27.7,54.8,47.0,4.55,58.1,46.2,78.1,0,3,0
13,Ananya Nair,23,Female,5.3,79.1,69.2,79.6,66.2,75.4,7.43,100.0,74.0,54.0,0,0,1
14,Anitha Reddy,21,Male,6.5,53.6,61.4,72.6,73.1,65.4,6.68,96.8,88.7,52.7,0,2,1
15,Suresh Das,23,Male,6.8,96.2,68.5,56.7,80.8,73.5,7.7,81.0,48.7,85.3,0,5,1
16,Rohan Iyer,23,Female,7.8,77.8,67.6,51.9,45.0,62.6,5.92,64.4,55.4,41.0,1,0,0
17,Anitha Joshi,21,Female,1.5,80.1,56.9,78.9,65.3,62.7,6.11,71.6,90.6,55.7,0,0,1
18,Nikhil Patel,20,Male,4.5,65.5,63.3,75.1,78.1,62.1,6.08,57.9,53.5,90.7,1,3,1
19,Diya Menon,23,Male,3.1,77.7,59.9,56.6,75.8,63.9,6.2,33.6,57.3,67.9,1,2,0
20,Meera Iyer,22,Male,7.0,86.7,88.2,72.8,79.0,82.3,8.64,49.5,67.3,72.7,1,2,1
21,Ananya Gupta,22,Female,4.5,77.5,78.3,61.5,57.3,63.2,6.7,86.8,69.8,74.1,1,1,1
22,Suresh Menon,18,Female,6.7,67.6,70.7,74.9,44.6,64.7,6.9,76.5,46.2,53.9,0,2,1
23,Priya Nair,22,Female,5.0,85.2,60.9,59.4,92.8,74.8,6.76,58.3,83.3,49.2,1,2,1
24,Rahul Menon,19,Female,5.5,86.7,62.8,56.4,61.5,65.3,6.3,52.7,67.9,69.4,0,2,0
25,Arjun Kumar,22,Male,6.4,57.5,69.3,65.4,41.6,63.3,6.26,92.9,87.7,53.7,0,2,1
26,Lakshmi Rao,21,Male,1.7,90.3,76.6,74.9,67.2,61.2,5.78,59.9,71.3,67.0,1,0,1
27,Priya Singh,20,Female,4.6,77.6,57.9,60.2,53.4,64.5,6.6,68.1,50.0,62.7,0,1,0
28,Karthik Menon,21,Male,4.4,52.0,70.4,76.0,79.6,70.1,7.6,75.5,61.9,65.0,1,2,1
29,Aditya Joshi,18,Male,5.3,89.9,41.1,59.6,66.1,60.3,5.85,74.3,46.9,64.0,1,2,0
30,Sneha Joshi,19,Male,8.1,35.0,61.0,60.7,78.5,62.2,7.24,86.0,57.8,82.1,1,4,1
31,Aditya Gupta,20,Female,5.0,83.6,87.5,69.0,88.8,72.4,6.56,64.2,70.1,65.5,0,2,1
32,Arjun Patel,21,Female,3.6,84.0,60.6,96.8,61.5,66.1,6.42,52.8,55.1,45.9,0,2,0
33,Rahul Menon,18,Female,9.4,72.6,46.6,68.6,68.5,67.6,7.08,66.0,76.3,55.1,0,1,1
34,Rohan Menon,20,Female,6.4,63.3,66.2,89.3,31.6,58.2,5.46,62.2,63.2,51.1,0,0,0
35,Vikram Reddy,18,Male,4.8,49.7,85.1,49.7,100.0,68.4,7.0,89.7,87.7,93.8,0,3,1
36,Sneha Rao,18,Female,5.5,70.7,61.4,61.6,57.2,59.3,5.76,52.6,55.3,31.0,1,0,0
37,Nikhil Gupta,19,Female,7.1,76.7,91.9,67.0,73.9,80.3,7.33,100.0,57.1,72.9,1,2,1
38,Kavya Patel,23,Male,6.0,82.7,40.1,67.1,49.0,54.5,5.47,52.1,57.8,80.1,0,4,0
39,Manoj Singh,23,Male,4.4,93.1,57.4,50.6,68.6,63.6,6.57,75.4,72.3,72.7,0,3,1
40,Diya Joshi,23,Male,7.1,78.0,77.1,35.4,87.2,63.1,6.71,75.3,26.6,34.0,0,2,0
41,Vikram Menon,22,Male,8.9,74.6,77.4,82.1,59.0,76.6,7.92,51.4,90.3,65.5,0,2,1
42,Pooja Kumar,22,Male,10.5,44.1,59.2,86.6,94.0,80.9,8.72,47.3,53.1,42.5,1,1,0
43,Rohan Gupta,19,Female,5.1,75.6,91.7,76.3,69.0,76.2,7.72,47.9,42.5,92.4,1,3,1
44,Manoj Reddy,22,Male,7.7,91.8,54.6,76.6,57.2,64.9,6.59,80.8,60.0,65.1,0,2,1
45,Ananya Menon,20,Female,5.0,71.7,24.5,67.2,62.8,56.3,6.37,81.9,59.7,50.5,0,3,0
46,Aditya Iyer,20,Female,6.8,69.6,33.1,47.9,86.5,61.3,6.6,80.6,48.0,100.0,0,2,1
47,Pooja Khan,22,Female,5.7,72.8,72.7,63.9,85.8,72.4,7.14,80.4,38.0,70.8,0,2,1
48,Aarav Rao,21,Female,5.8,70.8,61.6,79.4,52.8,64.7,6.57,89.7,47.9,56.8,1,0,0
49,Manoj Verma,18,Male,6.2,60.0,78.9,65.4,58.7,70.0,6.72,43.9,39.1,74.5,1,2,0
50,Manoj Iyer,23,Female,5.3,70.7,68.9,72.0,66.5,61.5,6.1,99.2,19.5,78.2,0,2,1
51,Manoj Kumar,19,Male,2.9,76.2,40.6,75.7,94.1,67.5,6.56,72.9,89.9,88.0,1,2,1
52,Vikram Nair,19,Male,1.0,81.2,54.1,70.6,55.4,52.7,4.71,51.2,42.4,52.3,1,4,0
53,Lakshmi Verma,21,Male,3.0,76.7,68.5,71.3,59.3,71.4,6.63,45.1,90.5,56.1,1,1,1
54,Anitha Nair,20,Female,4.2,74.1,74.3,70.5,47.3,63.4,6.58,73.4,81.3,77.7,0,1,1
55,Aarav Iyer,19,Female,5.8,70.4,66.6,60.5,38.7,56.6,5.8,56.2,60.9,63.8,0,2,1
56,Meera Patel,18,Male,1.0,59.7,86.2,56.0,100.0,68.5,7.26,33.8,43.5,84.7,0,3,0
57,Sneha Kumar,21,Male,5.7,87.8,57.2,87.7,98.2,76.7,7.49,86.8,89.3,58.7,0,0,1
58,Arjun Rao,21,Female,3.7,83.0,89.2,74.4,62.5,67.0,6.59,73.4,39.5,77.6,1,1,1
59,Arjun Verma,21,Male,4.5,82.2,63.1,61.0,72.6,67.2,6.22,73.6,100.0,72.6,0,1,1
60,Vikram Menon,20,Female,5.5,68.4,74.5,70.8,44.8,68.7,7.59,55.8,57.8,70.0,1,1,1
61,Lakshmi Khan,21,Female,2.7,66.2,64.5,93.1,58.8,64.3,6.42,82.8,100.0,58.6,1,2,1
62,Manoj Joshi,20,Female,4.8,70.5,73.2,64.3,62.2,59.8,5.68,51.1,73.5,80.6,0,3,0
63,Rahul Das,19,Male,5.6,90.3,67.9,68.7,47.0,67.4,7.0,97.4,59.1,69.1,1,3,1
64,Meera Gupta,19,Female,6.3,84.0,79.7,58.3,65.4,78.1,7.51,39.4,86.1,81.9,0,0,1
65,Suresh Das,19,Female,2.6,48.6,71.6,61.0,51.7,57.0,5.8,56.5,43.5,78.2,1,1,0
66,Ananya Patel,20,Male,6.8,52.8,56.5,84.3,53.0,59.2,6.18,71.0,75.0,49.7,0,1,1
67,Arjun Nair,22,Male,6.9,83.7,71.9,76.5,52.8,70.7,7.57,72.4,47.5,65.3,0,2,0
68,Nikhil Das,23,Male,5.5,85.7,39.2,72.2,65.4,61.2,5.65,50.9,89.9,83.0,1,3,1
69,Nikhil Patel,21,Male,10.3,74.7,72.9,92.9,53.7,77.0,7.59,63.7,61.1,55.8,0,3,1
70,Arjun Rao,23,Male,7.3,95.4,85.7,46.5,78.1,80.6,8.28,60.0,100.0,75.1,1,2,1
71,Sneha Iyer,21,Male,4.8,77.5,49.5,60.6,74.7,66.5,7.84,63.6,49.1,76.5,1,2,1
72,Aditya Iyer,18,Male,5.9,71.0,70.3,66.7,73.0,70.2,7.43,78.1,76.3,100.0,0,1,1
73,Karthik Menon,19,Female,7.7,74.5,62.4,80.4,75.1,66.9,7.28,85.7,54.0,71.5,1,2,1
74,Rahul Das,23,Male,7.8,72.6,52.3,89.6,91.3,73.7,7.48,45.1,81.2,80.7,0,3,1
75,Nikhil Kumar,20,Female,5.2,86.9,56.1,40.7,53.6,58.1,6.69,46.1,43.3,44.8,1,3,1
76,Sneha Verma,23,Female,5.2,71.9,62.1,67.0,65.5,66.8,6.7,76.0,62.7,67.1,0,3,0
77,Pooja Patel,19,Male,2.4,81.0,33.2,72.1,51.1,51.6,5.19,66.8,57.7,60.0,1,1,0
78,Ananya Menon,19,Female,5.4,86.6,69.6,61.7,66.9,68.3,7.01,48.9,74.7,50.7,1,0,1
79,Kavya Gupta,21,Female,6.2,61.7,77.0,62.4,62.3,63.8,6.5,53.2,78.4,64.1,1,2,1
80,Suresh Joshi,22,Male,2.8,61.8,43.4,90.3,54.1,51.9,4.33,55.4,42.8,89.0,1,3,0
81,Ananya Sharma,23,Female,2.2,77.1,28.8,60.5,88.7,57.6,5.83,92.3,59.7,83.7,1,0,1
82,Aditya Verma,20,Male,6.3,66.0,60.8,44.3,64.6,55.6,5.12,67.7,86.3,78.9,1,1,0
83,Sneha Patel,18,Male,3.4,75.8,69.9,73.5,57.9,59.5,5.72,72.9,61.7,77.1,0,3,1
84,Lakshmi Singh,19,Male,6.3,81.0,45.6,84.1,61.8,64.2,6.72,76.2,52.8,77.2,0,1,0
85,Pooja Khan,21,Female,5.0,61.5,58.3,59.8,64.9,63.9,5.87,67.2,47.0,55.6,0,2,0
86,Suresh Patel,19,Male,2.4,57.8,36.3,81.7,81.5,59.3,5.72,40.7,73.0,50.6,0,0,0
87,Suresh Verma,18,Male,6.5,86.6,67.9,59.6,74.8,64.1,5.97,76.0,42.3,63.4,0,3,1
88,Diya Menon,19,Male,1.9,63.1,74.4,55.2,67.1,65.1,6.39,84.7,44.6,58.5,0,5,0
89,Arjun Verma,18,Male,5.8,100.0,60.6,62.3,49.8,57.6,5.27,54.2,85.0,66.5,0,2,1
90,Priya Gupta,21,Female,8.3,70.4,72.0,61.9,82.3,76.2,7.86,57.4,60.2,49.4,1,4,1
91,Divya Patel,23,Female,7.3,55.8,57.3,81.0,54.8,65.0,6.88,14.2,62.3,65.0,1,0,0
92,Diya Khan,21,Female,5.8,63.7,62.8,51.1,74.4,68.9,7.38,61.8,87.9,68.1,1,1,1
93,Aarav Gupta,18,Female,4.1,85.3,73.2,55.1,87.3,75.5,7.26,53.9,54.5,58.9,1,4,1
94,Suresh Reddy,23,Female,1.2,81.5,76.4,59.9,29.7,50.3,5.19,42.8,66.9,65.8,0,3,0
95,Lakshmi Menon,19,Female,7.0,60.1,71.6,84.9,61.7,73.9,7.51,54.0,60.8,60.7,1,3,1
96,Vikram Patel,18,Female,1.2,67.3,67.5,51.3,66.9,56.1,6.3,61.6,65.4,69.3,0,0,0
97,Rahul Sharma,18,Male,2.8,63.3,83.0,58.8,51.3,61.2,6.59,75.8,79.9,55.4,1,1,1
98,Aditya Sharma,23,Male,3.6,86.5,64.2,57.1,60.8,57.0,5.67,77.5,63.6,99.1,0,0,1
99,Nikhil Singh,18,Male,3.4,51.4,95.8,52.6,62.9,61.9,6.31,77.2,77.8,57.8,1,4,1
100,Diya Das,21,Male,7.0,73.2,59.5,56.4,78.7,74.2,7.54,69.8,53.1,49.3,0,4,1
101,Priya Iyer,22,Male,5.8,64.7,62.3,82.2,68.9,62.8,6.52,76.5,58.3,74.5,0,3,1
102,Sneha Gupta,19,Male,7.9,89.4,55.9,66.1,66.2,65.9,6.85,63.2,70.7,53.6,0,4,1
103,Nikhil Patel,23,Male,2.1,92.5,90.2,57.5,82.3,69.4,7.01,52.5,99.4,61.9,0,3,1
104,Anitha Iyer,21,Female,6.7,74.9,84.7,83.6,56.9,77.2,7.99,23.4,76.8,60.0,0,0,0
105,Nikhil Kumar,21,Female,7.0,85.6,51.8,60.4,65.1,73.7,7.59,50.8,68.9,46.7,1,1,1
106,Karthik Patel,23,Female,8.8,52.2,67.6,82.5,63.3,68.8,7.04,62.1,86.2,50.4,0,3,1
107,Sneha Reddy,23,Female,5.0,63.0,64.2,79.4,52.6,58.2,5.39,36.0,56.3,76.0,0,1,0
108,Vikram Menon,22,Female,9.6,45.9,78.3,78.3,62.1,72.3,7.44,41.6,55.5,77.1,0,4,0
109,Suresh Nair,18,Male,3.9,73.0,72.0,94.8,80.2,64.7,6.57,86.4,42.6,73.7,1,1,0
110,Aarav Singh,19,Male,6.8,46.6,49.9,76.7,94.8,68.8,6.59,62.3,86.0,57.0,0,2,0
111,Arjun Das,22,Male,3.6,80.5,88.7,73.3,91.6,85.3,8.42,54.5,51.8,44.8,1,2,1
112,Manoj Reddy,20,Male,3.7,76.4,43.4,80.9,56.6,65.7,7.0,58.3,84.5,66.9,0,5,1
113,Kavya Iyer,23,Male,4.8,70.2,50.7,73.9,94.9,64.6,6.47,86.2,62.7,72.3,1,2,1
114,Kavya Reddy,20,Male,7.5,67.8,69.2,60.7,48.4,64.9,6.4,69.3,57.1,47.4,0,3,1
115,Suresh Joshi,21,Female,4.4,70.1,55.1,39.6,76.7,63.0,5.69,83.7,62.4,83.2,1,1,1
116,Anitha Verma,21,Male,7.9,63.9,72.6,80.1,60.7,68.4,6.36,86.9,55.7,63.2,1,0,1
117,Lakshmi Reddy,19,Male,7.2,79.2,41.6,48.0,58.0,51.9,5.09,49.8,62.4,85.8,0,1,0
118,Vikram Reddy,21,Male,7.3,63.8,81.3,60.5,77.3,73.7,8.11,61.6,58.4,65.7,0,2,1
119,Ananya Rao,23,Male,4.2,76.8,47.0,50.2,83.3,60.9,5.87,39.6,77.6,56.4,1,2,1
120,Karthik Reddy,18,Male,5.3,78.2,74.6,77.1,100.0,71.5,6.87,87.1,58.4,78.4,0,4,1
121,Aditya Patel,21,Female,5.0,64.9,97.6,65.5,67.7,73.9,7.41,90.4,54.0,68.7,0,2,1
122,Manoj Singh,18,Female,4.1,58.0,26.1,60.1,97.9,52.7,4.22,79.4,100.0,70.2,0,2,1
123,Diya Iyer,19,Female,6.3,72.8,53.3,65.3,53.6,61.2,6.16,32.6,63.7,81.1,1,1,0
124,Karthik Sharma,21,Male,2.5,82.0,70.2,51.5,77.7,58.5,6.26,75.3,70.7,60.7,1,2,1
125,Aditya Verma,21,Male,7.3,76.4,39.9,55.5,58.6,64.2,6.95,84.9,67.7,78.8,0,1,1
126,Karthik Khan,23,Female,4.9,75.7,53.8,44.2,57.0,66.0,6.41,35.6,75.7,78.0,1,3,1
127,Lakshmi Rao,22,Female,6.0,87.6,56.6,49.4,96.7,64.8,6.34,68.5,59.6,65.0,0,2,0
128,Lakshmi Sharma,18,Male,5.8,63.4,58.5,68.7,63.7,56.8,6.17,62.7,52.6,81.5,1,1,0
129,Arjun Rao,21,Male,3.6,76.7,48.3,69.4,64.4,58.3,5.77,76.0,38.3,53.4,0,1,0
130,Lakshmi Sharma,21,Female,7.6,83.4,60.0,84.4,71.2,73.2,7.5,41.4,46.0,49.3,1,4,1
131,Nikhil Das,22,Male,3.0,64.6,65.9,74.9,79.5,58.2,5.75,48.4,60.7,98.7,0,5,0
132,Pooja Khan,18,Male,5.3,81.3,69.1,71.6,51.7,57.9,6.25,56.8,63.2,70.6,0,2,1
133,Meera Nair,23,Male,5.3,60.9,64.8,73.5,69.6,69.6,6.38,52.4,74.2,55.8,0,3,0
134,Kavya Patel,20,Male,6.1,93.2,90.4,66.5,85.5,76.3,7.31,48.5,50.4,76.1,1,1,0
135,Ananya Nair,20,Female,4.0,79.9,50.4,48.7,57.2,58.1,6.19,72.7,75.6,73.2,1,1,1
136,Anitha Rao,18,Male,7.9,79.2,81.1,67.6,53.7,70.3,6.73,54.9,61.7,54.9,1,1,1
137,Sneha Joshi,22,Male,4.1,79.0,57.9,76.8,49.7,60.0,6.39,83.5,70.8,61.3,0,1,1
138,Priya Gupta,18,Male,6.1,75.9,65.3,44.9,82.8,63.1,6.44,65.1,80.1,96.6,1,0,1
139,Priya Rao,19,Female,7.1,63.3,72.1,75.1,80.8,84.4,8.6,57.4,63.6,41.2,0,0,0
140,Pooja Verma,21,Male,5.8,64.6,61.8,75.8,57.4,66.1,7.25,67.8,78.4,37.0,1,0,1
141,Karthik Khan,21,Male,5.0,65.7,75.9,61.2,80.4,66.0,6.54,79.2,60.4,76.6,1,0,1
142,Rohan Joshi,18,Male,9.5,64.9,71.2,75.7,61.0,69.9,6.66,70.7,51.1,97.4,1,0,1
143,Divya Patel,23,Male,5.5,82.2,43.3,35.9,58.3,48.3,4.63,62.8,56.7,86.3,1,2,1
144,Suresh Nair,18,Female,5.3,82.8,76.3,66.6,59.9,68.3,6.69,100.0,48.1,80.0,1,1,1
145,Sneha Patel,19,Male,5.0,63.1,26.6,65.3,99.8,64.8,6.47,61.1,64.4,73.7,1,3,1
146,Rahul Gupta,23,Female,5.9,52.3,54.1,85.4,54.5,63.4,5.85,91.6,93.4,74.3,1,4,1
147,Karthik Joshi,22,Male,2.3,65.1,63.5,45.0,63.5,60.6,6.07,68.5,43.8,57.4,0,1,0
148,Karthik Nair,20,Female,8.3,75.3,70.7,83.7,73.2,75.9,7.76,69.5,91.9,68.3,1,2,1
149,Lakshmi Nair,23,Male,2.1,66.4,54.5,85.5,75.2,63.4,6.45,88.5,61.3,47.6,1,4,1
150,Ananya Reddy,21,Male,5.9,65.9,69.6,67.6,97.9,76.3,7.58,42.4,65.9,77.5,0,1,0
151,Nikhil Reddy,23,Male,6.6,68.0,65.4,76.0,64.8,62.9,5.91,77.5,86.3,82.5,0,3,1
152,Ananya Kumar,21,Female,6.7,75.7,45.2,59.5,76.7,61.6,5.58,100.0,40.6,97.6,0,0,0
153,Kavya Rao,20,Female,5.7,82.1,82.9,59.7,71.7,65.1,7.06,46.3,52.6,57.6,1,0,0
154,Pooja Kumar,18,Male,5.6,80.3,52.0,62.9,45.5,59.4,6.62,37.6,51.8,63.5,0,5,0
155,Rohan Kumar,22,Male,3.0,79.4,78.3,62.1,29.5,56.6,5.83,71.1,83.8,51.0,1,1,1
156,Karthik Sharma,21,Female,7.6,68.9,63.8,72.9,59.2,64.4,6.45,48.7,46.6,75.5,1,2,0
157,Aarav Das,23,Male,4.4,83.8,55.8,62.7,46.7,55.5,5.65,88.5,58.3,51.5,0,1,1
158,Kavya Gupta,18,Male,2.0,82.8,42.5,82.7,52.0,54.0,5.5,94.9,100.0,74.5,1,5,1
159,Aditya Kumar,23,Female,5.1,74.2,74.6,52.4,76.3,71.5,7.8,32.8,61.1,38.5,0,2,0
160,Ananya Rao,23,Female,6.1,56.8,59.6,80.5,74.1,69.2,6.94,65.1,53.4,75.8,0,3,1
161,Manoj Reddy,19,Female,6.7,87.1,42.7,82.2,66.1,72.2,7.14,57.9,64.4,67.4,0,1,1
162,Aditya Gupta,22,Female,5.0,90.0,42.3,85.0,53.8,59.3,5.87,54.4,78.9,91.4,0,0,0
163,Lakshmi Khan,21,Male,4.4,79.1,75.1,77.3,71.9,70.0,7.16,64.4,65.8,52.8,1,1,0
164,Pooja Menon,18,Female,6.2,57.0,55.2,66.8,45.7,52.7,4.87,68.1,65.1,55.9,0,2,0
165,Priya Kumar,21,Female,3.7,73.9,95.7,78.8,53.3,75.5,6.89,97.0,77.7,90.7,0,1,1
166,Rohan Das,20,Male,3.5,81.6,70.1,73.5,47.4,65.8,7.05,61.6,63.3,44.6,0,3,1
167,Meera Reddy,23,Male,5.5,72.9,68.4,62.8,64.2,68.2,6.65,40.9,92.0,85.3,1,2,1
168,Pooja Verma,21,Female,5.0,66.6,51.9,91.9,61.8,70.8,7.48,71.1,71.2,46.4,1,3,1
169,Suresh Singh,19,Female,2.7,70.9,56.1,83.0,60.1,65.8,6.71,78.4,64.0,83.8,0,1,1
170,Rahul Das,20,Female,1.0,59.5,71.4,44.7,88.8,57.5,5.74,54.8,49.6,76.3,0,5,0
171,Priya Menon,21,Male,3.5,61.6,66.5,44.8,36.0,51.2,5.54,58.0,53.3,80.1,1,2,1
172,Meera Das,18,Female,5.5,82.7,60.7,72.3,35.8,60.4,6.13,57.4,30.8,63.0,0,3,0
173,Arjun Joshi,22,Male,7.5,86.0,46.3,68.8,56.1,58.5,5.76,60.4,100.0,72.1,0,0,0
174,Meera Patel,23,Male,4.4,76.4,71.7,38.7,85.8,70.5,6.12,81.3,80.9,66.0,0,3,1
175,Vikram Sharma,18,Male,7.0,74.9,70.3,67.4,51.8,65.9,6.89,81.6,72.6,84.7,1,3,1
176,Sneha Singh,23,Male,6.2,78.4,91.4,73.2,71.4,76.2,8.11,81.4,54.0,47.5,1,2,1
177,Suresh Gupta,23,Male,3.7,66.9,64.6,59.8,74.0,59.2,5.98,82.7,63.4,71.0,0,3,1
178,Rohan Singh,23,Female,5.3,67.5,62.2,59.5,35.1,57.9,6.3,74.8,45.8,63.2,1,2,1
179,Sneha Khan,18,Male,8.3,80.0,76.3,76.7,50.0,71.6,7.59,87.9,52.5,73.4,0,5,1
180,Ananya Verma,19,Female,6.3,94.7,55.2,87.2,41.4,66.8,6.19,79.1,77.8,95.1,0,3,1
181,Sneha Khan,23,Female,3.3,85.7,67.6,75.7,49.5,58.6,6.1,50.8,71.4,46.9,0,4,1
182,Diya Das,21,Male,4.4,70.1,57.4,44.2,62.4,59.6,5.88,71.7,81.8,71.2,0,1,1
183,Ananya Singh,22,Male,9.3,66.3,68.5,62.6,74.3,75.7,7.81,80.6,63.8,63.3,1,1,1
184,Suresh Menon,23,Female,7.7,88.0,45.3,76.7,84.6,74.1,7.85,95.2,80.4,69.5,1,4,1
185,Suresh Kumar,21,Female,7.6,77.4,42.7,48.4,87.2,70.6,6.05,44.6,82.3,65.7,0,5,1
186,Lakshmi Singh,20,Male,5.8,87.1,85.1,57.6,59.2,74.3,8.1,73.4,49.9,93.8,1,1,1
187,Divya Singh,18,Female,8.6,85.2,71.2,74.5,66.6,77.3,6.72,60.6,67.9,49.9,0,3,0
188,Sneha Joshi,21,Female,5.2,61.4,74.3,76.8,54.7,68.2,6.57,68.8,77.1,65.5,1,0,1
189,Manoj Singh,21,Male,3.9,51.8,89.6,53.9,61.5,64.8,7.05,68.9,44.9,61.8,0,0,1
190,Karthik Singh,22,Male,1.0,54.6,58.1,59.4,80.7,52.2,4.92,59.3,54.7,85.2,0,2,0
191,Meera Patel,23,Female,5.4,64.8,73.6,43.0,61.0,61.3,6.2,100.0,69.6,51.9,0,1,0
192,Aditya Nair,18,Male,4.7,63.0,79.7,52.0,58.9,64.1,5.59,67.6,47.4,66.2,0,4,0
193,Vikram Khan,19,Male,6.2,66.5,71.5,31.2,66.6,65.4,6.58,90.9,59.8,80.0,1,3,1
194,Rohan Rao,20,Male,6.0,67.7,56.9,60.3,77.7,60.4,6.13,83.3,55.8,55.9,1,2,1
195,Rahul Iyer,18,Female,10.5,100.0,87.4,75.4,84.9,95.6,9.5,57.0,51.7,53.7,1,1,1
196,Pooja Nair,20,Female,6.6,78.5,62.2,36.7,36.3,51.2,5.3,23.8,56.0,58.6,1,1,0
197,Pooja Sharma,22,Male,5.8,70.1,75.5,52.2,87.5,69.7,7.09,51.4,75.6,59.6,1,3,1
198,Pooja Gupta,22,Male,1.4,78.0,51.6,56.6,58.4,57.5,5.56,86.4,54.2,70.6,0,4,1
199,Nikhil Gupta,22,Female,4.6,93.8,61.3,61.4,42.6,56.6,5.17,50.0,65.9,60.4,1,1,1
200,Aarav Nair,22,Female,2.5,79.0,73.0,54.5,52.3,61.8,6.6,48.7,43.5,64.5,0,3,0
201,Rohan Joshi,19,Female,3.3,78.6,64.2,74.8,42.9,58.5,6.68,59.4,77.2,77.4,1,3,1
202,Lakshmi Rao,19,Male,9.0,70.4,79.3,56.7,80.2,72.8,7.15,90.1,57.0,68.0,1,2,1
203,Divya Patel,21,Female,5.4,52.8,76.7,45.3,49.1,55.6,5.61,49.9,59.6,76.0,1,5,1
204,Pooja Singh,22,Male,6.5,66.2,61.3,48.1,72.2,63.4,6.45,78.3,88.2,60.9,1,3,1
205,Rohan Nair,21,Female,5.4,80.4,58.5,66.0,67.8,63.7,5.76,61.5,41.3,75.1,1,3,0
206,Priya Joshi,18,Female,2.7,62.1,55.4,67.0,54.1,59.1,5.88,56.7,43.2,72.8,0,2,0
207,Vikram Kumar,23,Male,4.4,77.7,92.6,48.0,63.5,68.5,7.16,46.4,39.4,81.3,1,2,1
208,Rohan Kumar,21,Male,5.6,87.4,85.2,78.3,50.7,68.6,6.12,88.9,58.3,98.7,0,1,1
209,Arjun Menon,20,Female,4.6,68.5,92.8,70.3,62.0,67.4,7.1,57.5,63.2,57.1,0,1,0
210,Vikram Joshi,19,Female,4.3,66.2,92.3,78.9,73.7,74.6,7.36,83.0,66.2,38.5,1,2,1
211,Priya Sharma,18,Female,6.8,53.8,61.6,66.8,87.1,66.0,7.12,47.3,85.5,59.4,0,1,1
212,Rohan Nair,18,Male,7.6,53.8,55.6,65.2,79.3,69.6,6.96,58.2,69.4,41.5,1,4,1
213,Suresh Nair,20,Female,3.2,79.1,59.4,60.9,57.7,57.7,5.8,57.2,58.3,64.9,1,0,0
214,Rohan Reddy,19,Female,7.5,54.2,87.4,68.6,72.2,76.8,7.27,72.1,59.7,77.9,0,3,0
215,Karthik Joshi,21,Male,5.3,64.2,77.6,62.8,25.3,54.4,5.02,40.5,44.2,67.5,1,2,0
216,Divya Sharma,21,Male,4.1,63.1,61.3,73.4,60.6,53.7,5.74,55.6,75.9,48.3,0,0,0
217,Kavya Patel,23,Male,7.0,61.2,72.7,81.6,60.7,74.1,7.6,54.6,86.4,50.0,0,0,1
218,Diya Verma,18,Male,7.7,100.0,66.7,44.4,37.1,67.5,7.19,98.4,64.2,65.2,0,0,1
219,Sneha Patel,22,Male,3.6,66.9,53.4,79.6,78.6,66.2,7.09,47.3,90.7,87.3,1,2,1
220,Anitha Khan,21,Male,6.9,73.1,71.1,85.3,84.4,80.3,7.53,59.6,59.6,56.8,1,1,1
221,Vikram Singh,21,Male,4.7,50.7,48.9,94.8,48.1,58.6,6.26,46.2,67.0,79.1,1,1,1
222,Nikhil Patel,23,Female,3.9,79.5,69.7,69.9,64.1,58.8,6.23,70.6,81.6,44.5,1,0,1
223,Karthik Verma,22,Female,7.9,92.2,61.4,68.6,53.3,72.8,7.55,94.1,49.9,60.7,0,3,1
224,Priya Kumar,20,Male,4.2,82.6,60.1,51.9,68.5,61.7,6.54,58.3,83.1,58.4,0,1,0
225,Priya Reddy,23,Male,8.3,45.1,84.2,72.7,49.1,62.8,6.95,50.8,45.5,81.9,0,1,1
226,Nikhil Sharma,22,Female,6.9,84.4,55.6,69.7,63.6,71.2,7.41,63.8,32.8,57.1,0,2,0
227,Nikhil Menon,20,Female,7.3,66.0,80.3,74.5,65.7,74.0,7.55,62.3,35.9,68.5,0,2,0
228,Rohan Rao,21,Male,6.3,65.4,85.5,60.7,96.3,79.2,7.55,34.6,76.9,60.8,1,3,1
229,Arjun Kumar,18,Male,3.1,88.0,77.3,38.5,56.8,63.2,5.59,79.2,61.7,84.8,0,1,0
230,Ananya Rao,23,Female,5.5,61.2,39.7,42.9,47.0,44.8,5.26,57.1,66.8,71.6,0,3,0
231,Anitha Verma,21,Male,3.8,69.0,62.0,69.1,87.0,70.8,6.77,61.1,58.7,58.8,0,3,1
232,Nikhil Verma,21,Male,5.8,80.9,100.0,63.4,38.3,62.4,6.24,80.4,53.6,62.8,0,1,1
233,Kavya Das,19,Female,8.6,56.0,62.9,87.7,71.6,70.5,6.43,82.3,69.8,45.4,0,1,1
234,Kavya Iyer,23,Female,2.8,71.5,43.3,72.6,82.9,65.6,6.34,84.0,67.4,83.4,1,3,1
235,Aarav Joshi,21,Female,5.5,71.0,72.5,75.9,77.1,69.4,6.07,76.1,70.9,57.1,0,5,1
236,Divya Iyer,20,Female,2.7,95.3,93.5,70.2,80.3,76.5,7.12,58.8,66.1,59.6,0,0,0
237,Kavya Menon,19,Female,7.1,88.4,81.6,80.9,62.3,74.1,7.03,72.5,61.5,60.1,1,3,1
238,Vikram Gupta,23,Male,6.5,59.6,64.4,69.9,58.6,65.0,5.96,60.1,51.9,61.5,1,3,1
239,Manoj Menon,23,Female,4.5,82.1,42.1,44.2,57.6,57.1,5.49,89.0,83.2,70.0,1,1,1
240,Anitha Verma,20,Female,6.3,98.6,58.2,83.9,93.6,79.6,7.74,39.0,94.1,62.6,0,3,1
241,Suresh Gupta,22,Female,8.5,97.3,63.4,50.7,95.3,83.5,8.62,52.8,63.2,63.8,1,2,1
242,Aditya Joshi,19,Male,6.1,61.8,65.6,42.0,57.5,53.9,5.62,52.8,36.2,63.2,0,1,0
243,Arjun Reddy,20,Female,5.3,59.4,68.5,57.4,35.3,59.1,6.29,65.8,67.7,81.0,1,5,1
244,Sneha Verma,21,Female,3.9,68.9,84.1,96.2,46.8,65.4,6.6,59.2,70.4,78.8,1,1,1
245,Nikhil Kumar,22,Female,8.2,89.2,63.4,82.0,92.6,84.1,8.6,68.0,74.4,60.9,0,2,1
246,Aditya Sharma,22,Female,4.8,70.3,44.6,77.8,62.6,60.2,5.79,72.1,67.2,83.0,0,2,1
247,Aditya Khan,18,Female,4.6,64.2,63.9,74.8,85.4,72.1,6.81,59.4,53.6,51.8,1,1,1
248,Rahul Nair,18,Female,5.6,91.1,54.6,46.9,49.8,57.5,5.46,60.6,56.7,79.9,1,4,1
249,Aditya Reddy,19,Female,5.8,79.4,65.1,38.8,68.2,70.5,6.91,54.1,70.0,70.4,0,4,1
250,Lakshmi Sharma,20,Male,6.2,65.9,67.7,85.7,86.8,69.3,7.33,64.1,63.3,73.1,1,3,1
251,Arjun Patel,18,Female,8.1,73.2,73.0,79.8,83.1,82.3,8.58,60.3,54.9,70.7,0,1,1
252,Divya Das,21,Male,5.9,84.1,49.4,81.4,70.8,67.4,6.79,45.7,65.7,64.0,0,0,0
253,Divya Menon,18,Female,5.1,73.7,79.9,91.8,43.1,60.7,5.82,73.7,71.9,81.0,0,1,1
254,Suresh Verma,19,Male,8.8,64.9,81.5,61.4,75.5,71.3,8.19,75.4,100.0,77.6,1,3,1
255,Arjun Reddy,18,Male,5.6,62.5,46.5,47.1,86.4,63.6,6.32,58.2,54.8,81.3,0,4,0
256,Rohan Rao,20,Male,8.5,68.0,80.1,44.2,72.7,71.3,7.23,80.4,59.4,69.6,1,2,1
257,Meera Menon,23,Female,7.5,69.0,53.3,57.4,41.2,58.6,5.13,46.6,30.8,64.8,0,1,0
258,Divya Das,23,Female,3.4,85.9,71.9,71.3,72.2,64.4,5.96,90.6,61.3,63.4,0,1,0
259,Pooja Rao,21,Female,4.2,64.3,52.2,47.5,79.1,49.3,5.13,52.0,55.8,53.4,0,3,0
260,Kavya Rao,19,Female,5.7,67.5,56.7,80.6,80.8,69.3,7.68,65.5,84.7,60.0,0,4,1
261,Karthik Reddy,20,Female,6.6,85.7,93.3,77.5,68.6,81.4,8.35,78.9,38.9,70.4,0,5,1
262,Sneha Iyer,23,Male,7.5,48.6,30.5,72.7,33.2,43.7,4.22,54.2,61.6,81.6,1,1,0
263,Aditya Iyer,18,Male,4.4,71.8,49.1,67.4,72.6,60.4,6.31,52.9,80.1,67.7,1,1,1
264,Rahul Patel,18,Female,2.5,100.0,66.0,59.3,67.5,64.0,5.6,71.1,59.0,65.6,1,3,1
265,Karthik Rao,18,Female,5.8,85.2,75.4,76.2,54.8,61.6,6.0,80.0,86.3,75.9,1,2,1
266,Ananya Joshi,19,Male,3.6,62.6,100.0,62.6,98.9,72.5,7.51,68.4,49.2,59.5,0,0,0
267,Meera Patel,21,Female,3.7,43.9,65.9,81.3,51.8,61.2,5.71,62.8,76.0,49.4,1,1,1
268,Priya Reddy,21,Male,8.6,84.4,71.6,43.9,55.6,66.2,6.91,45.1,63.8,44.1,0,2,1
269,Lakshmi Khan,22,Female,5.7,73.3,60.1,73.0,49.1,60.4,6.17,92.6,45.3,73.3,0,0,1
270,Diya Sharma,19,Female,1.7,66.2,93.4,68.7,76.8,66.3,6.78,69.7,33.8,94.2,0,5,1
271,Vikram Menon,19,Female,4.4,62.9,58.3,67.8,58.4,52.8,5.0,58.7,77.1,74.3,0,3,1
272,Ananya Joshi,21,Male,6.7,81.6,62.1,68.1,77.5,75.5,7.21,64.6,55.3,74.4,0,3,1
273,Nikhil Reddy,22,Female,10.3,79.5,63.5,45.7,55.4,65.7,6.28,55.9,89.2,66.4,0,1,1
274,Divya Singh,22,Female,4.3,70.0,61.1,90.2,45.7,60.1,6.37,45.8,85.1,78.5,0,4,1
275,Priya Sharma,22,Female,3.4,86.9,54.1,98.1,88.7,73.0,6.91,47.7,78.0,65.6,1,2,1
276,Divya Iyer,19,Male,7.8,79.3,68.4,71.2,89.4,79.0,8.21,58.8,79.1,59.5,0,2,1
277,Rohan Singh,23,Male,3.5,67.4,67.8,72.2,49.4,63.3,6.56,54.4,39.4,64.0,1,0,0
278,Nikhil Menon,22,Male,1.5,89.0,62.1,73.6,72.1,57.8,5.42,65.1,55.1,89.9,1,0,0
279,Vikram Khan,19,Female,5.8,80.0,73.4,65.6,53.2,60.6,6.47,76.6,74.4,77.4,0,1,1
280,Arjun Patel,18,Male,7.3,57.7,57.1,88.3,84.6,74.5,7.72,95.9,73.1,75.0,0,0,1
281,Lakshmi Verma,19,Female,3.8,84.0,62.8,63.5,48.2,58.4,5.38,39.8,65.9,57.1,1,1,0
282,Anitha Kumar,18,Male,9.1,82.6,40.6,69.7,65.1,67.6,6.62,89.9,64.8,68.1,1,2,1
283,Manoj Gupta,22,Female,5.2,88.3,29.6,60.8,55.3,54.3,4.55,84.8,60.0,70.5,1,1,1
284,Suresh Reddy,18,Female,6.5,88.8,63.5,54.7,57.5,62.7,5.98,62.7,88.1,57.6,0,4,1
285,Meera Kumar,22,Male,2.2,71.0,85.1,54.5,51.1,59.1,5.95,70.7,62.2,67.0,0,0,0
286,Anitha Rao,23,Male,2.9,53.3,59.5,54.4,68.2,60.1,6.8,66.0,37.3,66.9,0,1,0
287,Rahul Menon,23,Male,1.0,81.9,68.7,52.7,52.2,50.7,5.11,55.6,71.9,26.0,0,1,0
288,Karthik Menon,22,Male,6.4,88.7,56.1,76.2,68.4,72.1,7.94,73.8,66.4,93.0,1,3,1
289,Priya Patel,21,Male,4.5,71.4,57.0,64.3,54.2,59.7,6.09,70.2,63.0,63.5,0,3,0
290,Lakshmi Iyer,20,Male,7.1,40.1,73.9,69.0,72.6,71.3,7.21,89.5,74.0,55.4,0,2,1
291,Aarav Gupta,20,Female,7.0,71.5,64.1,74.9,70.1,61.8,5.73,78.9,61.9,58.7,0,2,0
292,Anitha Singh,21,Female,3.6,93.3,66.2,99.0,70.9,71.7,7.71,63.8,25.7,65.9,1,1,0
293,Diya Patel,23,Female,4.8,90.2,70.9,65.6,55.4,66.8,6.67,53.5,52.5,54.6,1,0,0
294,Meera Rao,20,Female,7.4,94.8,54.2,59.8,48.6,64.2,6.39,47.9,49.7,87.5,1,3,1
295,Arjun Menon,20,Male,4.1,83.5,68.4,65.2,50.6,60.8,6.18,69.5,66.6,53.1,0,2,1
296,Karthik Verma,23,Male,2.1,77.0,79.3,72.5,97.9,65.6,6.53,65.3,42.5,49.8,0,0,0
297,Pooja Iyer,18,Male,3.0,73.0,78.9,47.0,74.5,62.0,5.81,95.3,64.0,58.0,1,2,1
298,Vikram Reddy,19,Male,7.7,69.4,40.6,70.7,53.5,72.0,6.61,46.8,77.9,64.1,0,3,1
299,Arjun Sharma,19,Male,4.3,70.1,54.7,47.9,68.0,59.6,6.17,77.3,69.2,58.5,0,3,1
300,Meera Kumar,18,Female,5.2,69.4,44.1,71.8,57.4,58.1,6.23,40.2,68.2,76.6,1,1,1
301,Suresh Iyer,23,Female,4.8,97.2,63.4,59.1,76.9,68.5,6.29,80.6,52.0,66.6,1,2,1
302,Meera Rao,23,Female,8.0,70.9,62.8,86.0,49.1,69.5,6.66,81.5,63.7,66.1,1,1,1
303,Karthik Das,18,Female,2.8,77.7,73.3,77.5,38.9,56.4,5.29,66.5,71.7,87.0,0,1,1
304,Suresh Iyer,22,Male,4.2,90.2,69.3,51.8,47.3,53.1,5.57,82.8,93.6,77.8,0,1,1
305,Pooja Rao,23,Female,7.6,65.5,54.6,70.7,36.0,58.7,6.26,40.3,81.4,56.2,0,5,1
306,Anitha Reddy,22,Male,4.8,75.9,58.1,75.3,54.5,59.7,5.71,78.0,63.8,59.5,1,2,1
307,Arjun Patel,18,Male,6.4,71.6,36.8,81.0,65.6,67.2,6.05,60.6,60.5,69.8,1,1,1
308,Karthik Kumar,22,Male,2.5,76.8,70.7,55.0,57.7,56.1,5.5,85.4,58.3,50.0,0,2,1
309,Priya Singh,19,Female,4.9,64.2,54.3,58.4,71.9,49.1,4.82,48.7,47.2,58.6,0,2,0
310,Karthik Khan,20,Female,4.0,72.4,76.5,53.4,93.2,62.7,6.03,70.6,73.3,64.6,0,3,1
311,Divya Iyer,19,Female,5.3,71.4,49.9,73.0,58.5,63.0,5.87,90.8,49.7,69.1,0,4,1
312,Kavya Gupta,21,Female,3.0,72.5,63.0,76.7,84.0,67.8,6.72,42.8,65.8,56.9,0,0,0
313,Aditya Menon,19,Male,5.6,76.3,47.2,63.8,61.3,59.0,6.19,67.1,83.6,65.8,0,2,1
314,Priya Nair,23,Female,2.7,54.7,75.4,69.4,61.3,58.7,6.23,78.2,60.1,74.3,0,2,1
315,Divya Reddy,21,Female,4.0,67.0,51.9,84.1,48.5,58.1,5.7,80.5,55.0,71.8,0,0,0
316,Lakshmi Sharma,19,Female,10.0,74.8,63.4,61.6,90.2,73.4,7.65,70.3,84.2,56.7,1,2,1
317,Arjun Nair,22,Female,5.6,69.3,66.7,64.4,67.0,72.7,6.84,62.5,75.3,60.4,1,0,1
318,Aditya Iyer,21,Female,6.9,73.1,44.4,71.9,63.6,64.2,6.37,98.2,72.9,51.0,0,0,1
319,Manoj Joshi,22,Male,2.9,72.9,61.2,66.5,82.4,64.1,6.29,50.9,85.3,46.0,1,1,1
320,Lakshmi Singh,18,Female,1.8,87.4,88.5,51.6,55.0,65.6,7.01,54.9,52.1,56.9,0,0,0
321,Diya Patel,19,Female,6.1,67.7,49.1,55.1,70.1,59.9,6.5,76.9,76.6,69.7,1,0,1
322,Anitha Verma,21,Female,3.2,86.5,64.4,59.5,74.3,66.0,6.74,66.2,63.4,99.4,1,0,1
323,Suresh Verma,21,Male,6.0,100.0,78.0,53.4,42.5,69.0,7.24,73.6,51.0,71.1,1,1,1
324,Rahul Reddy,22,Male,8.1,78.5,79.4,56.9,66.5,66.3,6.91,72.8,71.9,66.0,0,1,1
325,Meera Singh,19,Female,7.5,81.6,51.8,53.4,67.6,64.7,6.43,52.9,71.0,67.5,1,1,0
326,Ananya Sharma,19,Male,3.2,78.1,80.3,65.2,51.6,64.5,6.11,58.9,68.2,85.0,1,3,1
327,Priya Reddy,20,Male,4.3,88.3,56.5,83.1,67.1,64.6,6.73,67.1,70.4,69.0,1,4,1
328,Lakshmi Gupta,22,Male,4.9,52.3,59.2,67.3,64.1,68.1,7.54,53.7,31.3,64.6,0,1,0
329,Sneha Joshi,21,Male,4.8,77.2,47.4,78.3,40.3,56.0,5.65,65.9,66.5,77.0,0,2,0
330,Suresh Iyer,20,Male,8.0,74.7,45.1,77.5,63.2,58.9,6.02,80.1,84.5,60.7,0,0,1
331,Divya Rao,20,Female,6.7,82.4,36.3,69.3,59.4,57.2,6.26,55.2,51.1,67.1,0,0,0
332,Manoj Rao,20,Female,5.2,73.1,86.1,56.6,62.0,68.3,6.99,65.7,43.5,98.7,1,2,1
333,Pooja Joshi,23,Female,9.5,75.7,74.7,57.0,77.4,75.0,6.94,61.4,94.9,78.0,0,1,1
334,Divya Patel,23,Female,4.7,100.0,82.1,61.7,59.1,73.2,6.65,60.3,60.2,74.2,0,1,1
335,Lakshmi Khan,22,Female,5.5,74.7,50.7,73.2,67.7,65.7,5.88,67.4,32.2,63.5,1,3,0
336,Rahul Kumar,19,Male,2.0,79.6,58.3,55.4,74.4,55.9,5.48,51.6,68.9,84.6,1,1,0
337,Arjun Reddy,19,Female,3.5,53.0,89.1,53.2,56.7,57.6,5.76,91.5,44.9,61.7,0,0,0
338,Aditya Verma,20,Female,3.8,74.4,61.3,98.0,78.5,75.3,7.72,59.5,59.6,63.4,1,3,1
339,Aarav Reddy,21,Female,2.7,90.4,98.1,84.8,48.4,74.3,7.84,58.9,71.8,59.6,1,2,1
340,Nikhil Kumar,23,Female,5.9,64.8,66.1,82.9,54.0,69.2,6.44,51.2,87.2,66.7,0,2,1
341,Vikram Singh,19,Female,8.3,76.4,70.8,36.9,49.2,64.8,6.59,62.8,73.0,88.9,1,0,1
342,Kavya Nair,18,Female,10.3,73.4,53.5,94.9,56.8,77.6,7.3,59.7,72.0,65.2,0,1,1
343,Suresh Nair,18,Male,5.2,58.7,50.3,56.4,84.8,66.8,6.56,83.4,61.2,61.4,1,2,1
344,Sneha Kumar,19,Female,5.5,51.8,35.6,53.8,56.8,58.6,6.14,76.8,53.8,66.9,0,2,1
345,Sneha Joshi,23,Female,7.0,81.5,75.7,100.0,96.6,83.1,8.96,70.7,72.0,42.3,0,4,1
346,Diya Nair,21,Female,5.5,80.2,77.5,64.9,70.0,68.8,7.18,66.9,32.2,79.2,0,1,0
347,Rohan Gupta,21,Male,7.0,85.4,55.2,79.8,79.1,65.8,6.7,57.4,84.8,58.8,0,1,1
348,Divya Sharma,22,Male,2.2,79.0,87.2,54.1,67.9,65.1,6.08,79.3,100.0,65.8,0,4,1
349,Manoj Kumar,23,Female,4.2,76.8,51.1,78.7,75.9,66.7,6.66,74.9,76.7,72.4,0,3,1
350,Ananya Joshi,18,Female,5.0,79.8,68.0,53.6,66.6,59.5,5.98,57.8,100.0,65.4,1,2,1
351,Ananya Das,21,Female,5.8,70.7,56.2,48.6,79.4,62.4,5.81,60.9,72.8,66.4,1,2,0
352,Aarav Rao,21,Male,7.4,71.0,67.1,75.3,72.0,71.7,7.74,73.7,56.8,59.8,0,2,1
353,Pooja Joshi,18,Male,7.4,85.8,61.7,58.8,60.4,68.4,6.7,53.7,64.0,81.5,0,4,1
354,Arjun Singh,18,Female,5.5,76.6,100.0,65.4,50.2,71.5,6.32,63.6,64.3,77.1,0,0,1
355,Aditya Kumar,22,Female,6.8,70.7,90.4,88.5,89.4,79.8,8.18,57.8,69.2,54.7,0,3,1
356,Arjun Joshi,23,Female,5.6,72.6,70.5,82.6,38.6,61.6,6.25,51.2,91.7,57.1,0,2,1
357,Lakshmi Gupta,20,Female,6.4,82.4,56.2,63.1,69.7,65.4,6.94,100.0,36.7,83.2,1,1,1
358,Divya Joshi,21,Male,3.3,84.1,59.1,57.2,77.4,59.8,6.24,65.5,26.7,58.0,0,3,0
359,Anitha Iyer,21,Male,5.1,68.1,58.9,90.5,68.9,73.2,7.29,53.7,40.9,75.1,0,2,0
360,Meera Patel,20,Male,6.0,85.5,62.0,72.3,75.3,69.0,7.23,56.8,53.2,44.6,0,0,0
361,Pooja Iyer,20,Male,1.5,85.2,58.4,85.1,57.0,64.8,7.0,58.0,78.1,47.4,1,0,1
362,Suresh Khan,22,Female,7.9,79.3,40.8,97.6,71.3,73.3,7.18,81.7,46.5,74.5,0,2,0
363,Aarav Sharma,23,Female,5.2,53.1,51.9,87.0,44.2,63.0,6.74,60.6,53.6,77.6,0,1,0
364,Diya Reddy,19,Female,5.3,78.4,68.9,56.5,63.6,58.1,5.67,79.6,52.1,92.7,0,1,0
365,Kavya Gupta,18,Male,5.3,88.8,47.9,64.1,83.5,70.9,6.64,62.3,75.6,75.3,1,5,1
366,Sneha Das,21,Female,3.5,89.7,62.2,53.9,52.3,56.9,5.57,78.7,53.3,72.1,0,0,0
367,Nikhil Menon,21,Male,8.0,80.1,77.0,44.2,62.9,63.5,7.22,82.2,53.1,44.5,1,4,1
368,Priya Khan,21,Male,7.2,74.4,66.7,68.9,53.0,64.9,5.89,85.4,59.1,59.2,0,2,1
369,Anitha Joshi,18,Female,7.6,81.8,54.8,68.2,76.2,70.3,7.53,70.9,76.0,77.5,0,0,1
370,Anitha Menon,18,Male,5.6,83.2,62.7,68.3,53.6,62.0,5.79,48.8,70.0,61.0,0,1,0
371,Divya Kumar,19,Male,1.5,60.8,78.1,90.6,66.3,61.7,5.6,86.2,71.2,61.4,1,1,1
372,Sneha Singh,19,Female,7.8,81.4,66.4,56.1,66.1,62.1,6.67,61.9,81.9,58.6,1,2,1
373,Suresh Reddy,21,Male,6.9,74.4,50.3,62.5,23.0,55.4,5.47,28.9,40.7,60.1,0,0,0
374,Suresh Reddy,23,Male,7.1,83.3,55.8,67.2,82.6,72.6,7.24,56.0,53.9,54.1,0,4,0
375,Arjun Singh,22,Female,9.5,82.6,42.9,56.9,75.7,69.4,7.01,97.4,54.1,65.0,1,2,1
376,Nikhil Reddy,21,Female,10.2,72.7,59.1,58.7,76.6,75.9,7.56,48.6,92.7,53.7,0,4,1
377,Karthik Singh,23,Female,3.6,72.5,67.1,57.4,79.7,66.1,6.28,57.2,39.7,48.5,0,3,0
378,Rahul Gupta,22,Female,1.5,62.4,27.0,64.8,64.0,47.9,5.08,74.6,68.1,82.7,0,2,0
379,Ananya Patel,18,Female,2.3,61.1,47.8,79.2,87.7,65.5,6.46,70.1,50.1,81.4,1,2,1
380,Nikhil Nair,21,Female,8.4,84.1,44.9,83.5,64.0,71.5,6.53,59.3,64.1,80.4,1,1,1
381,Meera Sharma,22,Female,7.0,75.6,37.4,24.3,68.9,52.2,5.38,61.2,96.3,69.2,1,0,1
382,Karthik Sharma,19,Male,5.7,76.7,63.7,63.5,66.2,67.8,6.55,67.9,80.4,52.1,0,0,0
383,Anitha Rao,22,Female,7.9,93.5,56.7,64.4,55.4,68.3,7.28,38.9,70.6,62.1,0,2,0
384,Meera Verma,19,Male,5.3,79.2,96.0,64.6,63.5,69.1,7.1,54.9,80.3,56.8,1,3,1
385,Anitha Verma,18,Female,5.2,71.1,70.9,65.8,61.5,57.6,5.38,72.1,91.5,64.6,1,2,1
386,Sneha Menon,18,Male,7.2,86.4,77.4,63.9,45.5,72.6,7.49,60.2,72.7,67.0,0,2,1
387,Anitha Reddy,19,Male,5.5,88.5,95.7,52.1,52.7,70.3,6.7,79.0,81.5,58.3,0,0,1
388,Ananya Menon,19,Male,6.1,75.1,42.8,61.2,45.9,57.6,6.05,39.0,85.3,100.0,1,2,1
389,Meera Verma,20,Female,3.3,76.5,62.8,75.1,66.8,59.4,5.71,53.9,36.5,46.8,1,1,0
390,Diya Kumar,23,Female,2.0,71.7,67.9,68.4,62.3,59.8,6.15,72.5,64.7,74.7,0,2,1
391,Vikram Iyer,18,Female,4.3,74.1,34.7,75.7,98.9,63.9,6.54,77.8,84.5,62.3,1,0,1
392,Aditya Rao,23,Female,6.0,74.6,54.7,50.2,67.9,58.4,5.09,45.0,90.0,56.8,1,1,1
393,Priya Patel,23,Male,1.5,52.2,52.9,94.5,60.3,57.9,6.31,66.7,65.2,74.7,0,2,1
394,Lakshmi Nair,20,Female,9.1,74.5,46.5,87.5,47.0,64.9,6.07,73.6,58.7,58.7,1,0,1
395,Priya Reddy,23,Female,8.5,71.1,51.0,71.7,77.3,68.3,7.05,44.4,42.9,59.8,1,2,0
396,Meera Rao,18,Female,3.7,75.4,47.6,61.4,80.5,57.0,5.62,69.4,49.2,81.4,1,1,1
397,Ananya Singh,22,Male,6.5,67.2,69.4,64.7,60.3,72.5,7.72,67.1,27.1,60.9,0,1,0
398,Vikram Verma,21,Male,6.8,67.1,39.4,53.3,53.5,52.4,4.82,77.3,46.1,66.3,1,3,1
399,Rohan Joshi,23,Female,9.2,63.6,38.5,72.1,70.4,67.6,7.03,91.6,36.5,49.2,0,2,0
400,Arjun Verma,22,Female,9.2,83.7,56.8,100.0,52.1,69.9,6.76,68.6,56.5,74.6,0,2,0
401,Aarav Reddy,18,Male,6.2,82.8,56.0,60.5,84.0,67.7,6.8,83.3,59.7,87.0,1,4,1
402,Suresh Nair,19,Female,6.4,55.2,58.3,81.7,69.8,60.7,5.88,62.9,37.0,76.0,0,2,0
403,Nikhil Gupta,20,Female,2.4,88.0,65.6,83.3,65.0,56.0,5.54,80.9,49.7,60.6,0,3,0
404,Ananya Menon,21,Male,6.4,64.3,72.9,55.8,56.3,63.1,7.31,67.6,22.9,57.0,1,2,1
405,Divya Sharma,21,Female,5.4,56.5,33.3,65.9,88.7,61.5,5.88,81.2,78.5,83.8,1,4,1
406,Anitha Patel,22,Male,4.5,71.5,58.9,85.4,66.0,69.7,7.24,48.5,36.5,48.7,0,2,0
407,Suresh Rao,23,Female,2.3,72.0,67.1,76.5,68.4,59.7,6.44,65.0,37.3,68.9,1,1,1
408,Pooja Iyer,23,Male,6.1,65.8,69.9,68.0,91.3,72.5,7.1,47.5,66.2,70.1,1,4,1
409,Diya Sharma,18,Female,5.3,97.6,45.3,60.3,71.5,68.5,7.11,63.8,56.4,82.4,0,2,0
410,Divya Iyer,19,Male,7.6,77.8,68.4,73.9,70.2,74.2,7.92,74.6,58.6,64.6,0,1,1
411,Sneha Das,22,Male,5.4,80.4,68.0,83.3,72.7,68.5,7.72,67.9,61.6,79.5,1,3,1
412,Rohan Singh,22,Female,4.9,76.9,49.1,66.1,60.1,62.1,5.9,52.1,69.1,93.7,1,0,1
413,Lakshmi Gupta,20,Male,7.1,84.8,79.3,85.1,96.8,83.0,8.34,58.8,64.0,87.5,0,2,1
414,Pooja Menon,22,Male,7.2,68.7,50.6,78.5,66.3,58.6,5.94,69.0,61.7,70.2,1,2,0
415,Divya Kumar,20,Female,3.2,61.9,59.9,75.5,75.3,63.6,6.03,91.1,46.8,84.2,0,4,1
416,Karthik Sharma,21,Female,4.5,70.8,64.8,64.2,57.1,53.9,5.2,55.6,65.8,72.2,0,1,0
417,Rahul Singh,21,Female,6.3,77.9,75.5,66.3,89.0,85.7,8.85,68.4,74.0,50.6,0,1,1
418,Sneha Joshi,19,Female,7.6,60.9,70.3,55.8,80.9,65.7,6.75,53.6,70.2,44.5,1,3,1
419,Ananya Menon,22,Female,8.6,65.7,82.6,89.0,54.6,69.0,7.02,56.8,93.9,66.5,0,1,1
420,Lakshmi Menon,22,Female,5.5,77.2,74.1,80.7,46.7,62.2,5.8,81.1,59.1,94.4,0,4,1
421,Diya Gupta,21,Female,4.0,64.6,75.9,74.3,63.8,61.8,6.22,41.5,66.3,78.2,0,2,1
422,Rahul Iyer,20,Female,5.2,71.9,45.5,47.3,42.5,50.8,4.99,65.5,55.4,50.5,1,3,1
423,Arjun Menon,22,Male,5.4,66.0,71.3,84.3,65.7,74.2,7.85,48.9,53.2,79.4,0,2,0
424,Anitha Sharma,19,Male,4.8,52.4,86.6,51.9,59.6,63.1,6.29,76.8,38.4,76.2,0,2,1
425,Aditya Patel,21,Male,4.4,59.0,87.9,60.7,66.4,62.5,6.15,100.0,52.4,86.3,1,3,1
426,Nikhil Patel,20,Male,4.7,80.6,76.9,44.2,65.1,64.3,6.82,54.1,50.0,59.6,0,3,1
427,Lakshmi Patel,18,Male,8.2,81.6,45.1,31.7,54.8,57.0,5.87,64.1,63.2,64.2,0,1,0
428,Sneha Nair,21,Male,6.0,81.4,74.6,44.3,80.1,66.5,6.51,100.0,68.8,60.6,0,2,0
429,Anitha Sharma,18,Female,3.0,90.6,80.2,77.6,77.2,69.9,6.37,73.4,78.2,88.5,1,1,1
430,Vikram Khan,18,Female,2.0,86.0,80.3,59.7,57.4,58.1,6.09,86.7,59.0,62.6,1,2,1
431,Priya Iyer,21,Male,7.8,99.8,66.7,73.7,53.7,67.4,7.15,78.5,47.5,47.7,1,0,1
432,Vikram Sharma,21,Female,5.2,85.3,48.8,97.0,55.0,68.7,6.44,62.7,88.7,54.6,1,4,1
433,Sneha Kumar,23,Female,6.7,81.3,67.3,59.6,83.4,69.8,6.69,78.2,66.3,85.0,0,3,1
434,Aarav Khan,20,Female,6.7,97.0,61.3,54.4,63.9,68.8,6.98,82.9,74.6,50.6,1,2,1
435,Diya Khan,21,Female,1.3,72.2,97.2,46.4,38.3,49.9,5.35,81.9,55.8,75.6,1,2,1
436,Manoj Iyer,18,Male,4.6,80.9,69.5,88.6,30.9,66.3,6.52,53.9,51.7,47.8,1,0,0
437,Divya Singh,22,Female,5.1,84.6,57.7,72.4,76.4,65.9,6.35,85.5,62.7,73.1,0,2,0
438,Manoj Kumar,19,Male,5.1,64.2,77.1,69.6,48.0,66.0,6.03,70.0,51.0,60.9,1,4,1
439,Suresh Das,21,Male,8.6,86.2,79.7,64.5,41.4,62.9,6.31,57.2,53.8,70.8,0,2,0
440,Anitha Sharma,20,Female,6.7,81.9,52.1,48.2,42.6,54.8,5.07,30.1,58.3,59.1,1,1,0
441,Suresh Menon,21,Male,3.3,81.8,76.0,51.2,61.0,60.5,5.78,47.6,64.2,69.7,0,1,0
442,Diya Singh,19,Female,6.2,56.9,49.9,51.5,79.9,57.8,5.83,59.3,43.7,63.6,1,1,0
443,Pooja Menon,18,Male,3.8,69.2,73.0,58.7,66.5,61.4,6.19,29.3,34.7,74.6,0,2,0
444,Divya Rao,19,Female,1.4,78.4,35.7,57.9,61.4,43.3,4.18,82.8,43.7,61.2,1,2,1
445,Arjun Iyer,20,Female,3.0,96.4,58.8,76.4,66.7,66.4,6.87,54.6,84.9,43.9,1,1,1
446,Anitha Khan,18,Male,4.1,62.9,71.7,51.4,71.6,65.1,6.75,59.8,68.4,70.0,1,3,1
447,Vikram Reddy,22,Female,6.7,80.5,88.1,85.6,56.4,78.7,7.49,75.4,55.7,51.7,0,2,1
448,Rohan Kumar,19,Female,4.8,72.8,74.8,60.6,51.3,68.9,7.04,74.7,46.7,73.1,1,0,1
449,Suresh Das,23,Female,7.9,80.8,86.3,63.3,75.7,76.9,6.49,48.7,73.3,73.2,1,1,1
450,Ananya Verma,23,Male,4.6,94.2,64.1,61.5,80.2,69.1,7.3,58.9,80.3,79.7,1,2,1
451,Lakshmi Rao,22,Male,1.4,60.1,72.7,89.7,50.0,58.2,5.98,43.2,72.3,28.5,0,3,0
452,Pooja Singh,22,Male,5.9,86.0,75.3,78.1,89.0,83.0,8.24,65.0,73.6,67.9,0,1,1
453,Pooja Nair,22,Female,5.6,55.5,51.3,38.2,50.7,49.3,5.54,71.2,67.7,50.1,0,1,0
454,Rohan Gupta,20,Male,4.0,74.7,38.8,49.8,61.3,57.1,5.35,57.0,67.4,42.6,1,2,1
455,Aditya Gupta,18,Female,6.8,88.0,70.2,58.4,75.1,71.1,7.26,50.8,71.5,64.3,0,5,1
456,Karthik Nair,20,Male,1.0,69.6,39.1,69.5,64.7,49.8,5.08,84.7,84.6,68.0,1,2,1
457,Divya Iyer,22,Male,4.7,83.4,52.9,42.3,68.2,62.6,6.54,67.6,84.0,81.1,1,0,1
458,Arjun Iyer,18,Female,5.3,81.2,48.8,82.0,81.8,64.7,6.14,82.9,61.7,34.9,0,2,0
459,Ananya Rao,18,Female,1.0,82.8,70.2,69.3,62.9,57.8,6.39,37.4,59.1,61.3,0,4,0
460,Vikram Das,21,Male,7.6,91.9,66.0,48.7,44.2,63.5,6.07,39.2,38.7,59.4,1,2,0
461,Nikhil Das,18,Female,7.1,79.0,100.0,53.6,42.1,67.2,6.09,42.6,48.0,53.1,1,0,0
462,Ananya Gupta,22,Female,6.5,63.4,54.5,61.3,53.7,57.1,5.83,75.0,73.9,39.3,0,3,1
463,Pooja Joshi,20,Male,1.3,80.0,97.0,71.9,89.1,72.3,7.22,65.5,28.5,49.6,1,3,0
464,Meera Kumar,23,Female,4.8,89.4,65.1,68.8,62.3,69.0,6.73,79.6,45.9,50.6,0,1,1
465,Kavya Iyer,20,Male,6.8,76.0,80.2,68.2,47.9,61.2,6.63,31.3,60.8,100.0,0,4,0
466,Vikram Menon,19,Female,6.6,65.0,33.4,48.1,68.5,46.9,4.1,65.0,55.3,93.9,1,1,1
467,Sneha Joshi,23,Male,11.4,84.6,100.0,67.9,61.7,79.5,8.59,51.4,93.0,51.8,0,2,1
468,Kavya Joshi,21,Female,5.2,61.5,30.0,85.5,45.4,55.4,6.01,70.7,67.7,71.6,0,5,1
469,Ananya Verma,18,Female,7.8,87.6,67.0,68.9,71.7,77.7,7.32,74.7,49.8,91.9,0,3,0
470,Nikhil Patel,20,Female,3.4,77.2,52.8,47.3,91.3,59.6,5.92,80.2,100.0,48.6,0,3,1
471,Lakshmi Verma,18,Male,8.6,68.4,67.2,65.4,54.2,63.3,6.05,67.2,78.2,67.2,1,1,1
472,Anitha Menon,19,Female,6.1,71.0,56.3,58.7,83.0,64.1,6.81,61.5,44.7,61.3,0,1,0
473,Aarav Khan,19,Female,6.4,66.4,34.5,49.5,66.3,50.1,4.98,48.9,51.5,77.9,0,5,0
474,Meera Nair,20,Female,4.9,76.3,59.0,60.9,62.5,58.2,6.26,41.5,60.1,45.6,1,1,1
475,Aarav Khan,20,Male,6.9,47.5,69.2,84.1,68.5,66.7,6.17,81.2,78.8,57.0,1,1,1
476,Nikhil Menon,19,Female,5.5,77.3,73.1,59.9,64.9,66.1,6.94,49.0,63.2,92.8,0,3,1
477,Arjun Khan,23,Male,4.6,80.9,93.0,61.5,85.3,79.4,7.83,62.3,65.9,77.5,0,2,0
478,Arjun Rao,23,Male,6.8,73.7,54.9,50.9,60.5,55.6,5.41,58.0,76.9,67.0,0,3,1
479,Rohan Gupta,23,Female,6.9,84.3,89.1,86.9,84.9,89.6,9.08,65.5,78.0,76.2,1,1,1
480,Aditya Khan,21,Female,1.0,99.6,40.6,60.2,66.5,59.8,6.14,69.7,46.0,49.8,0,2,0
481,Meera Rao,19,Female,5.2,72.3,70.5,61.9,68.5,64.1,6.94,54.7,79.6,57.8,0,3,1
482,Nikhil Kumar,19,Male,2.4,52.1,76.5,83.7,46.8,60.3,6.45,58.3,74.8,27.0,0,4,1
483,Diya Khan,20,Male,9.3,81.4,42.0,89.8,55.6,66.4,7.05,85.4,48.0,86.6,0,4,1
484,Anitha Sharma,19,Male,6.5,39.1,78.7,87.4,81.3,81.3,8.52,56.9,83.8,57.7,0,3,1
485,Karthik Singh,18,Female,3.2,71.1,69.7,61.5,64.9,64.5,6.71,68.7,66.4,62.9,1,2,1
486,Divya Kumar,21,Female,5.9,77.1,36.0,83.4,37.8,48.1,4.44,51.4,86.3,63.6,1,0,1
487,Pooja Reddy,18,Male,7.4,92.0,37.4,44.0,91.0,62.2,7.46,37.9,66.7,65.7,1,1,0
488,Manoj Iyer,23,Female,2.8,62.8,80.7,76.8,67.6,68.4,7.15,53.6,73.0,58.3,1,2,1
489,Pooja Iyer,22,Female,6.7,43.2,85.5,57.7,75.6,71.3,6.78,74.9,57.8,37.0,0,2,0
490,Nikhil Singh,20,Female,5.4,60.7,94.8,67.7,55.1,68.7,7.63,59.2,75.0,82.6,1,2,1
491,Diya Patel,19,Female,4.9,41.2,78.6,53.5,57.4,61.1,6.16,58.4,31.4,84.2,1,2,1
492,Anitha Sharma,18,Male,5.1,78.8,73.5,92.0,76.8,83.1,8.45,48.0,77.2,84.7,0,4,1
493,Rahul Reddy,19,Male,9.0,76.0,38.4,52.8,43.3,49.2,5.73,95.9,46.1,65.9,0,1,1
494,Vikram Verma,18,Female,6.8,79.1,41.7,52.3,56.7,49.9,4.98,33.4,71.8,60.4,0,0,0
495,Meera Nair,23,Male,5.1,70.8,55.7,58.3,70.1,66.9,6.69,63.9,49.0,62.9,1,3,1
496,Aarav Singh,21,Female,9.1,68.0,100.0,95.8,66.2,86.1,9.15,62.8,53.5,78.2,1,0,1
497,Priya Khan,23,Female,1.0,83.5,77.9,60.2,67.3,50.2,3.92,81.6,55.4,61.2,0,2,0
498,Lakshmi Rao,21,Male,6.3,74.9,50.8,52.8,83.5,69.2,7.35,64.0,94.3,65.7,0,1,1
499,Manoj Das,21,Female,2.8,83.4,80.4,57.6,49.9,57.7,5.97,56.1,61.9,51.0,0,3,0
500,Arjun Gupta,19,Male,3.6,62.9,48.2,97.2,69.9,69.7,6.65,46.2,48.4,60.1,0,3,0
